{
  "US": {
    "range": "15–20%",
    "notes": "Tipping is customary for table service; 18% is common."
  },
  "CA": {
    "range": "15–20%",
    "notes": "Tipping is expected in most sit‑down restaurants."
  },
  "GB": {
    "range": "10–12.5%",
    "notes": "Service charge may be included. Tip if not included and service was good."
  },
  "FR": {
    "range": "5–10%",
    "notes": "Service compris often included. Small extra tip appreciated."
  },
  "DE": {
    "range": "5–10%",
    "notes": "Rounding up or ~10% for good service."
  },
  "ES": {
    "range": "5–10%",
    "notes": "Small tips are appreciated; not mandatory."
  },
  "IT": {
    "range": "5–10%",
    "notes": "Coperto/service may be included. Small tip appreciated."
  },
  "AE": {
    "range": "10–15%",
    "notes": "Service charge sometimes included; tips are appreciated."
  },
  "SA": {
    "range": "10–15%",
    "notes": "Tipping is common but not mandatory."
  },
  "KW": {
    "range": "10–15%",
    "notes": "Tipping is appreciated in full‑service venues."
  },
  "QA": {
    "range": "10–15%",
    "notes": "Common in hotels and full‑service restaurants."
  },
  "BH": {
    "range": "10–15%",
    "notes": "Common in full‑service venues."
  },
  "OM": {
    "range": "10–15%",
    "notes": "Common in full‑service venues."
  },
  "MA": {
    "range": "5–10%",
    "notes": "Rounding up is common; small tips appreciated."
  },
  "TR": {
    "range": "5–10%",
    "notes": "5–10% in restaurants; rounding in cafés."
  },
  "NL": {
    "range": "5–10%",
    "notes": "Service included usually; rounding appreciated."
  },
  "SE": {
    "range": "5–10%",
    "notes": "Not mandatory; rounding up is common."
  },
  "NO": {
    "range": "5–10%",
    "notes": "Not mandatory; round up for good service."
  },
  "DK": {
    "range": "0–10%",
    "notes": "Service included; tip only for exceptional service."
  },
  "JP": {
    "range": "0%",
    "notes": "No tipping culture; may be considered rude."
  },
  "CN": {
    "range": "0–5%",
    "notes": "Tipping uncommon except touristy places."
  },
  "IN": {
    "range": "5–10%",
    "notes": "Varies by venue; check if service charge included."
  }
}